{
  "className": "Container",
  "na": {
    "child": {
      "className": "Padding",
      "na": {
        "padding": {
          "className": "EdgeInsets.fromLTRB",
          "pa": [
            20,
            10,
            20,
            20
          ]
        },
        "child": {
          "className": "Column",
          "na": {
            "children": [
              {
                "className": "Row",
                "na": {
                  "children": [
                    {
                      "className": "Expanded",
                      "na": {
                        "child": {
                          "className": "Row",
                          "na": {
                            "children": [
                              {
                                "className": "CircleAvatar",
                                "na": {
                                  "radius": 30,
                                  "backgroundImage": {
                                    "className": "NetworkImage",
                                    "pa": [
                                      "http://c-ssl.duitang.com/uploads/item/202003/26/20200326223552_nayyt.jpeg"
                                    ]
                                  }
                                }
                              },
                              {
                                "className": "SizedBox",
                                "na": {
                                  "width": 20
                                }
                              },
                              {
                                "className": "Text",
                                "pa": [
                                  "贝贝"
                                ],
                                "na": {
                                  "style": {
                                    "className": "TextStyle",
                                    "na": {
                                      "fontSize": 15,
                                      "fontWeight": "#(FontWeight.bold)",
                                      "decoration": "#(TextDecoration.none)",
                                      "color": "#(Colors.black)"
                                    }
                                  }
                                }
                              }
                            ]
                          }
                        }
                      }
                    },
                    {
                      "className": "Container",
                      "na": {
                        "width": 30,
                        "height": 30,
                        "child": {
                          "className": "Image.network",
                          "pa": [
                            "https://pic6.58cdn.com.cn/nowater/frs/n_v33db8caaa95cc4d1eb9426e9b991bed34.png"
                          ]
                        }
                      }
                    }
                  ]
                }
              },
              {
                "className": "Padding",
                "na": {
                  "padding": {
                    "className": "EdgeInsets.fromLTRB",
                    "pa": [
                      10,
                      10,
                      10,
                      10
                    ]
                  },
                  "child": {
                    "className": "Row",
                    "na": {
                      "children": [
                        {
                          "className": "Expanded",
                          "na": {
                            "child": {
                              "className": "Text",
                              "pa": [
                                "换个头像换个心情😊"
                              ],
                              "na": {
                                "style": {
                                  "className": "TextStyle",
                                  "na": {
                                    "fontSize": 15,
                                    "fontWeight": "#(FontWeight.bold)",
                                    "decoration": "#(TextDecoration.none)",
                                    "color": "#(Colors.black)"
                                  }
                                }
                              }
                            }
                          }
                        }
                      ]
                    }
                  }
                }
              },
              {
                "className": "Card",
                "na": {
                  "child": {
                    "className": "Image",
                    "na": {
                      "image": {
                        "className": "NetworkImage",
                        "pa": [
                          "https://img2.baidu.com/it/u=4114138728,2649938841&fm=253&fmt=auto&app=138&f=JPEG"
                        ]
                      }
                    }
                  }
                }
              },
              {
                "className": "Padding",
                "na": {
                  "padding": {
                    "className": "EdgeInsets.fromLTRB",
                    "pa": [
                      10,
                      10,
                      10,
                      10
                    ]
                  },
                  "child": {
                    "className": "Row",
                    "na": {
                      "children": [
                        {
                          "className": "Expanded",
                          "na": {
                            "child": {
                              "className": "Row",
                              "na": {
                                "children": [
                                  {
                                    "className": "SizedBox",
                                    "na": {
                                      "width": 30,
                                      "height": 30,
                                      "child": {
                                        "className": "Image.network",
                                        "pa": [
                                          "https://pic7.58cdn.com.cn/nowater/frs/n_v35812c5fc830e49d991d5e17633729392.png"
                                        ]
                                      }
                                    }
                                  },
                                  {
                                    "className": "SizedBox",
                                    "na": {
                                      "width": 15
                                    }
                                  },
                                  {
                                    "className": "Text",
                                    "pa": [
                                      "125"
                                    ],
                                    "na": {
                                      "style": {
                                        "className": "TextStyle",
                                        "na": {
                                          "fontSize": 15,
                                          "fontWeight": "#(FontWeight.bold)",
                                          "decoration": "#(TextDecoration.none)",
                                          "color": "#(Colors.black54)"
                                        }
                                      }
                                    }
                                  },
                                  {
                                    "className": "SizedBox",
                                    "na": {
                                      "width": 30
                                    }
                                  },
                                  {
                                    "className": "SizedBox",
                                    "na": {
                                      "width": 30,
                                      "height": 30,
                                      "child": {
                                        "className": "Image.network",
                                        "pa": [
                                          "https://pic4.58cdn.com.cn/nowater/frs/n_v3c264a2d3f9864ecabd8f05ee944ccafe.png"
                                        ]
                                      }
                                    }
                                  },
                                  {
                                    "className": "SizedBox",
                                    "na": {
                                      "width": 15
                                    }
                                  },
                                  {
                                    "className": "Text",
                                    "pa": [
                                      "66"
                                    ],
                                    "na": {
                                      "style": {
                                        "className": "TextStyle",
                                        "na": {
                                          "fontSize": 15,
                                          "fontWeight": "#(FontWeight.bold)",
                                          "decoration": "#(TextDecoration.none)",
                                          "color": "#(Colors.black54)"
                                        }
                                      }
                                    }
                                  }
                                ]
                              }
                            }
                          }
                        },
                        {
                          "className": "SizedBox",
                          "na": {
                            "width": 30,
                            "height": 30,
                            "child": {
                              "className": "Image.network",
                              "pa": [
                                "https://pic7.58cdn.com.cn/nowater/frs/n_v33e401d24fa6f44a1ac7a7d3319eef7e6.png"
                              ]
                            }
                          }
                        }
                      ]
                    }
                  }
                }
              }
            ]
          }
        }
      }
    }
  },
  "methodMap": {}
}