{
  "className": "Container",
  "na": {
    "color": "#(AppTheme.nearlyWhite)",
    "child": {
      "className": "SafeArea",
      "na": {
        "top": false,
        "child": {
          "className": "Scaffold",
          "na": {
            "backgroundColor": "#(AppTheme.nearlyWhite)",
            "body": {
              "className": "Column",
              "na": {
                "children": [
                  {
                    "className": "Container",
                    "na": {
                      "padding": {
                        "className": "EdgeInsets.only",
                        "na": {
                          "top": {
                            "className": "Sugar.paddingTop",
                            "pa": [
                              "context"
                            ]
                          },
                          "left": 16,
                          "right": 16
                        }
                      },
                      "child": {
                        "className": "Image.asset",
                        "pa": [
                          "assets/images/inviteImage.png"
                        ]
                      }
                    }
                  },
                  {
                    "className": "Container",
                    "na": {
                      "padding": {
                        "className": "EdgeInsets.only",
                        "na": {
                          "top": 8
                        }
                      },
                      "child": {
                        "className": "Text",
                        "pa": [
                          "Invite Your Friends"
                        ],
                        "na": {
                          "style": {
                            "className": "TextStyle",
                            "na": {
                              "fontSize": 20,
                              "fontWeight": "#(FontWeight.bold)"
                            }
                          }
                        }
                      }
                    }
                  },
                  {
                    "className": "Container",
                    "na": {
                      "padding": {
                        "className": "EdgeInsets.only",
                        "na": {
                          "top": 16
                        }
                      },
                      "child": {
                        "className": "Text",
                        "pa": [
                          "Are you one of those who makes everything\n at the last moment?"
                        ],
                        "na": {
                          "textAlign": "#(TextAlign.center)",
                          "style": {
                            "className": "TextStyle",
                            "na": {
                              "fontSize": 16
                            }
                          }
                        }
                      }
                    }
                  },
                  {
                    "className": "Expanded",
                    "na": {
                      "child": {
                        "className": "Padding",
                        "na": {
                          "padding": {
                            "className": "EdgeInsets.all",
                            "pa": [
                              8.0
                            ]
                          },
                          "child": {
                            "className": "Center",
                            "na": {
                              "child": {
                                "className": "Container",
                                "na": {
                                  "width": 120,
                                  "height": 40,
                                  "child": {
                                    "className": "Material",
                                    "na": {
                                      "color": "#(Colors.transparent)",
                                      "child": {
                                        "className": "InkWell",
                                        "na": {
                                          "onTap": {
                                            "className": "Sugar.onTapEmpty"
                                          },
                                          "child": {
                                            "className": "Center",
                                            "na": {
                                              "child": {
                                                "className": "Row",
                                                "na": {
                                                  "mainAxisAlignment": "#(MainAxisAlignment.center)",
                                                  "crossAxisAlignment": "#(CrossAxisAlignment.center)",
                                                  "children": [
                                                    {
                                                      "className": "Icon",
                                                      "pa": [
                                                        "#(Icons.share)"
                                                      ],
                                                      "na": {
                                                        "color": "#(Colors.white)",
                                                        "size": 22
                                                      }
                                                    },
                                                    {
                                                      "className": "Padding",
                                                      "na": {
                                                        "padding": {
                                                          "className": "EdgeInsets.all",
                                                          "pa": [
                                                            4.0
                                                          ]
                                                        },
                                                        "child": {
                                                          "className": "Text",
                                                          "pa": [
                                                            "Share"
                                                          ],
                                                          "na": {
                                                            "style": {
                                                              "className": "TextStyle",
                                                              "na": {
                                                                "fontWeight": "#(FontWeight.w500)",
                                                                "color": "#(Colors.white)"
                                                              }
                                                            }
                                                          }
                                                        }
                                                      }
                                                    }
                                                  ]
                                                }
                                              }
                                            }
                                          }
                                        }
                                      }
                                    }
                                  }
                                }
                              }
                            }
                          }
                        }
                      }
                    }
                  }
                ]
              }
            }
          }
        }
      }
    }
  }
}