{
  "className": "AspectRatio",
  "na": {
    "aspectRatio": 1.5,
    "child": {
      "className": "ClipRRect",
      "na": {
        "borderRadius": {
          "className": "BorderRadius.all",
          "pa": [
            {
              "className": "Radius.circular",
              "pa": [
                4.0
              ]
            }
          ]
        },
        "child": {
          "className": "Stack",
          "na": {
            "alignment": "#(AlignmentDirectional.center)",
            "children": [
              {
                "className": "Image.asset",
                "pa": [
                  "#(imagePath)"
                ],
                "na": {
                  "fit": "#(BoxFit.cover)"
                }
              }
            ]
          }
        }
      }
    }
  },
  "methodMap": {}
}